Company,BOW_Score,BERT_Score,LLM_Score,BOW_Environment,BERT_Environment,LLM_Environment,BOW_Social,BERT_Social,LLM_Social,BOW_Governance,BERT_Governance,LLM_Governance,Best_Method,LLM_vs_BOW,LLM_vs_BERT,BERT_vs_BOW
Apple,40,64,88.9,60,75,90.0,26,60,85.0,34,59,91.7,LLM,48.900000000000006,24.900000000000006,24
Tesla,26,51,84.3,24,53,93.3,26,45,81.2,28,57,78.3,LLM,58.3,33.3,25
Google,38,65,88.2,54,74,91.7,25,58,86.2,36,65,86.7,LLM,50.2,23.200000000000003,27
Microsoft,40,65,90.6,54,73,90.0,29,59,90.0,39,64,91.7,LLM,50.599999999999994,25.599999999999994,25
Nike,42,66,77.5,46,69,75.0,43,66,77.5,38,65,80.0,LLM,35.5,11.5,24
